index,worker_name,action,error
7502,Krishna Mishra,CREATE,
7510,Arjun Yadav,CREATE,
7513,Rohit Sen,CREATE,
7516,Rohit Nair,CREATE,
7522,Aadhya Bose,CREATE,
7523,Sara Sharma,CREATE,
7524,Ira Roy,CREATE,
7525,Krishna Agarwal,CREATE,
7526,Ayaan Mukherjee,CREATE,
7533,Ira Sharma,CREATE,
7535,Kavya Roy,CREATE,
39650,Sourav Roy,CREATE,
39656,Ira Verma,CREATE,
39657,Avni Malhotra,CREATE,
39658,Aarav Khan,CREATE,
39661,Priya Khan,CREATE,
39664,Avni Khan,CREATE,
39665,Aarav Pillai,CREATE,
39666,Mohammed Nair,CREATE,
39667,Sourav Chatterjee,CREATE,
39670,Shaurya Agarwal,CREATE,
39673,Ananya Yadav,CREATE,
39678,Aadhya Verma,CREATE,
39679,Sourav Sen,CREATE,
39680,Myra Singh,CREATE,
39684,Neha Agarwal,CREATE,
39687,Vikas Sen,CREATE,
39688,Neha Sharma,CREATE,
39693,Vivaan Nair,CREATE,
39695,Amit Bose,CREATE,
39696,Ananya Yadav,CREATE,
39697,Neha Khan,CREATE,
39698,Neha Sen,CREATE,
